Month,Orders,Customers,Revenue
2010-12,1400,885,572713.89
2011-01,987,741,569445.04
2011-02,997,758,447137.35
2011-03,1321,974,595500.76
2011-04,1149,856,469200.361
2011-05,1555,1056,678594.56
2011-06,1393,991,661213.6900000001
2011-07,1331,949,600091.011
2011-08,1280,935,645343.9
2011-09,1755,1266,952838.382
2011-10,1929,1364,1039318.79
2011-11,2657,1664,1161817.3800000001
2011-12,778,615,518192.79
